year;province_name;general_total;illiterate_total;illiterate_ratio;literate_without_diploma_total;literate_without_diploma_ratio;primary_school_total;primary_school_ratio;primary_education_total;primary_education_ratio;lower_secondary_school_total;lower_secondary_school_ratio;upper_secondary_school_total;upper_secondary_school_ratio;universities_and_other_higher_educational_institutions_total;universities_and_other_higher_educational_institutions_ratio;master_total;master_ratio;doctorate_total;doctorate_ratio;unknown_total;unknown_ratio
2018;Adana;1649850;69399;4.21;80045;4.85;327075;19.82;233511;14.15;248157;15.04;410691;24.89;245469;14.88;21637;1.31;3992;0.24;9874;0.60
2018;Adıyaman;440671;33577;7.62;21377;4.85;80945;18.37;75623;17.16;70883;16.09;94520;21.45;57219;12.98;3991;0.91;769;0.17;1767;0.40
2018;Afyonkarahisar;557333;16768;3.01;24414;4.38;159109;28.55;88582;15.89;75755;13.59;118642;21.29;63534;11.40;5831;1.05;1291;0.23;3407;0.61
2018;Ağrı;347752;32601;9.37;43025;12.37;66728;19.19;53354;15.34;66661;19.17;49207;14.15;29596;8.51;1740;0.50;353;0.10;4487;1.29
2018;Amasya;272232;9368;3.44;12710;4.67;72131;26.50;34493;12.67;35108;12.90;63546;23.34;40111;14.73;3108;1.14;571;0.21;1086;0.40
2018;Ankara;4238964;89896;2.12;89201;2.10;690819;16.30;428692;10.11;549522;12.96;1209863;28.54;974756;23.00;140171;3.31;33831;0.80;32213;0.76
2018;Antalya;1828389;23002;1.26;70394;3.85;388436;21.24;255012;13.95;244088;13.35;471787;25.80;321905;17.61;26400;1.44;5112;0.28;22253;1.22
2018;Artvin;144979;5275;3.64;6264;4.32;32845;22.66;15914;10.98;19122;13.19;41198;28.42;21978;15.16;1495;1.03;360;0.25;528;0.36
2018;Aydın;879483;19063;2.17;43031;4.89;235359;26.76;123669;14.06;108745;12.36;195605;22.24;133656;15.20;10649;1.21;2268;0.26;7438;0.85
2018;Balıkesir;1011745;23296;2.30;43215;4.27;290738;28.74;118607;11.72;122091;12.07;236740;23.40;155825;15.40;11484;1.14;2124;0.21;7625;0.75
2018;Bilecik;179155;3630;2.03;3711;2.07;45384;25.33;24586;13.72;23491;13.11;49403;27.58;26092;14.56;1836;1.02;398;0.22;624;0.35
2018;Bingöl;205247;15991;7.79;16475;8.03;33082;16.12;35934;17.51;29067;14.16;45902;22.36;25423;12.39;1854;0.90;404;0.20;1115;0.54
2018;Bitlis;234410;17570;7.50;22374;9.54;37603;16.04;42723;18.23;41471;17.69;42355;18.07;27416;11.70;1622;0.69;356;0.15;920;0.39
2018;Bolu;250748;8604;3.43;8822;3.52;62377;24.88;30163;12.03;28900;11.53;68499;27.32;37482;14.95;3726;1.49;1072;0.43;1103;0.44
2018;Burdur;220688;5974;2.71;8636;3.91;63491;28.77;27053;12.26;26830;12.16;51360;23.27;32608;14.78;2872;1.30;709;0.32;1155;0.52
2018;Bursa;2303469;62471;2.71;63822;2.77;497343;21.59;337757;14.66;331734;14.40;591122;25.66;364581;15.83;30069;1.31;4948;0.21;19622;0.85
2018;Çanakkale;449213;6725;1.50;19393;4.32;132840;29.57;48338;10.76;50066;11.15;107610;23.96;74074;16.49;6608;1.47;1834;0.41;1725;0.38
2018;Çankırı;173771;7661;4.41;7388;4.25;46902;26.99;24223;13.94;22731;13.08;41495;23.88;20594;11.85;1558;0.90;407;0.23;812;0.47
2018;Çorum;421978;22481;5.33;28463;6.75;114231;27.07;62583;14.83;54054;12.81;83386;19.76;49576;11.75;3697;0.88;797;0.19;2710;0.64
2018;Denizli;812023;12979;1.60;36252;4.46;205745;25.34;119822;14.76;104657;12.89;194781;23.99;120809;14.88;9571;1.18;2219;0.27;5188;0.64
2018;Diyarbakır;1152283;100418;8.71;134318;11.66;158571;13.76;191305;16.60;195923;17.00;214626;18.63;140680;12.21;11442;0.99;1814;0.16;3186;0.28
2018;Edirne;346715;9499;2.74;13470;3.89;98737;28.48;40994;11.82;40509;11.68;86206;24.86;49518;14.28;4767;1.37;1532;0.44;1483;0.43
2018;Elazığ;458924;21557;4.70;37839;8.25;81947;17.86;61006;13.29;64047;13.96;113396;24.71;67432;14.69;7089;1.54;1858;0.40;2753;0.60
2018;Erzincan;188397;10295;5.46;8494;4.51;37719;20.02;22679;12.04;23933;12.70;49957;26.52;29675;15.75;2488;1.32;719;0.38;2438;1.29
2018;Erzurum;565601;36474;6.45;32412;5.73;113892;20.14;75900;13.42;85484;15.11;133003;23.52;73482;12.99;8010;1.42;2624;0.46;4320;0.76
2018;Eskişehir;700497;14057;2.01;14508;2.07;151624;21.65;72977;10.42;86097;12.29;206616;29.50;130342;18.61;14107;2.01;4140;0.59;6029;0.86
2018;Gaziantep;1352125;59669;4.41;68649;5.08;272713;20.17;286498;21.19;225107;16.65;257767;19.06;153954;11.39;13828;1.02;2417;0.18;11523;0.85
2018;Giresun;374697;20211;5.39;31964;8.53;86064;22.97;43442;11.59;47558;12.69;88015;23.49;49842;13.30;3462;0.92;936;0.25;3203;0.85
2018;Gümüşhane;131586;5665;4.31;7730;5.87;27325;20.77;16898;12.84;15408;11.71;34791;26.44;18893;14.36;1260;0.96;400;0.30;3216;2.44
2018;Hakkari;202462;14534;7.18;17215;8.50;22864;11.29;37041;18.30;31298;15.46;48702;24.05;27236;13.45;1146;0.57;141;0.07;2285;1.13
2018;Hatay;1152072;29279;2.54;81095;7.04;266498;23.13;181189;15.73;176542;15.32;236952;20.57;149513;12.98;10446;0.91;1865;0.16;18693;1.62
2018;Isparta;353945;9691;2.74;11270;3.18;83985;23.73;38404;10.85;41751;11.80;102325;28.91;56397;15.93;5746;1.62;2078;0.59;2298;0.65
2018;Mersin;1368943;33940;2.48;77550;5.66;312175;22.80;190006;13.88;193686;14.15;321767;23.50;210803;15.40;15690;1.15;2681;0.20;10645;0.78
2018;İstanbul;11363994;257709;2.27;323102;2.84;2101425;18.49;1586020;13.96;1596035;14.04;2871545;25.27;2176161;19.15;291177;2.56;52744;0.46;108076;0.95
2018;İzmir;3479458;55624;1.60;128116;3.68;766649;22.03;439453;12.63;440782;12.67;883929;25.40;662614;19.04;66623;1.91;15082;0.43;20586;0.59
2018;Kars;208430;15055;7.22;11718;5.62;42622;20.45;36167;17.35;33313;15.98;41940;20.12;22724;10.90;1730;0.83;606;0.29;2555;1.23
2018;Kastamonu;316122;18969;6.00;20995;6.64;93588;29.61;40287;12.74;35905;11.36;63965;20.23;37549;11.88;2953;0.93;730;0.23;1181;0.37
2018;Kayseri;1036857;30649;2.96;37387;3.61;223237;21.53;150804;14.54;148463;14.32;261229;25.19;157559;15.20;14596;1.41;3036;0.29;9897;0.95
2018;Kırklareli;303048;6181;2.04;7941;2.62;80194;26.46;40920;13.50;36699;12.11;80840;26.68;44813;14.79;3463;1.14;625;0.21;1372;0.45
2018;Kırşehir;186751;7096;3.80;8161;4.37;43230;23.15;22112;11.84;24500;13.12;49200;26.35;28090;15.04;2076;1.11;647;0.35;1639;0.88
2018;Kocaeli;1448925;33466;2.31;41284;2.85;262664;18.13;221651;15.30;214365;14.79;397715;27.45;244726;16.89;21712;1.50;3554;0.25;7788;0.54
2018;Konya;1656036;42374;2.56;63859;3.86;450435;27.20;266849;16.11;222612;13.44;345159;20.84;222886;13.46;23886;1.44;5594;0.34;12382;0.75
2018;Kütahya;467141;10728;2.30;25804;5.52;131242;28.09;66143;14.16;55650;11.91;109340;23.41;60510;12.95;5034;1.08;1162;0.25;1528;0.33
2018;Malatya;608133;39378;6.48;25035;4.12;111725;18.37;77068;12.67;88955;14.63;156702;25.77;95634;15.73;8145;1.34;1738;0.29;3753;0.62
2018;Manisa;1130232;28683;2.54;55229;4.89;341013;30.17;174274;15.42;141023;12.48;231288;20.46;144733;12.81;9720;0.86;1694;0.15;2575;0.23
2018;Kahramanmaraş;814316;48946;6.01;39551;4.86;167253;20.54;140322;17.23;132613;16.29;172612;21.20;95936;11.78;8430;1.04;1507;0.19;7146;0.88
2018;Mardin;542751;57281;10.55;46193;8.51;81078;14.94;94129;17.34;93377;17.20;98912;18.22;58642;10.80;3985;0.73;410;0.08;8744;1.61
2018;Muğla;774307;13209;1.71;20526;2.65;198335;25.61;96518;12.47;92870;11.99;190408;24.59;140865;18.19;11345;1.47;2525;0.33;7706;1.00
2018;Muş;264542;25721;9.72;30378;11.48;44683;16.89;46487;17.57;47306;17.88;41755;15.78;24178;9.14;1561;0.59;370;0.14;2103;0.79
2018;Nevşehir;229803;7563;3.29;8142;3.54;59571;25.92;34604;15.06;31898;13.88;54027;23.51;29290;12.75;2232;0.97;649;0.28;1827;0.80
2018;Niğde;275613;10715;3.89;10635;3.86;68896;25.00;47336;17.17;40754;14.79;60832;22.07;32127;11.66;2690;0.98;843;0.31;785;0.28
2018;Ordu;619268;40869;6.60;47128;7.61;146567;23.67;80665;13.03;83904;13.55;135206;21.83;75310;12.16;5049;0.82;1053;0.17;3517;0.57
2018;Rize;283353;10946;3.86;14505;5.12;60607;21.39;36153;12.76;39619;13.98;74889;26.43;41364;14.60;3298;1.16;748;0.26;1224;0.43
2018;Sakarya;775293;23192;2.99;22499;2.90;184634;23.81;108388;13.98;109142;14.08;204318;26.35;105289;13.58;9770;1.26;2280;0.29;5781;0.75
2018;Samsun;1041574;29303;2.81;73484;7.06;252416;24.23;147958;14.21;134514;12.91;229942;22.08;153056;14.69;12499;1.20;2785;0.27;5617;0.54
2018;Siirt;216176;21325;9.86;19842;9.18;27031;12.50;38865;17.98;38687;17.90;41068;19.00;26188;12.11;1634;0.76;385;0.18;1151;0.53
2018;Sinop;181198;8346;4.61;11564;6.38;53856;29.72;26339;14.54;21735;12.00;33465;18.47;22434;12.38;1485;0.82;455;0.25;1519;0.84
2018;Sivas;507714;30487;6.00;24342;4.79;109792;21.62;67862;13.37;69272;13.64;125612;24.74;66995;13.20;5835;1.15;1652;0.33;5865;1.16
2018;Tekirdağ;803375;13392;1.67;25871;3.22;176828;22.01;139648;17.38;113959;14.19;205603;25.59;112810;14.04;9101;1.13;1664;0.21;4499;0.56
2018;Tokat;487116;15468;3.18;40974;8.41;122310;25.11;72110;14.80;66566;13.67;101526;20.84;60523;12.42;4834;0.99;1223;0.25;1582;0.32
2018;Trabzon;641368;29363;4.58;33769;5.27;128548;20.04;68087;10.62;80744;12.59;179610;28.00;104561;16.30;9173;1.43;2613;0.41;4900;0.76
2018;Tunceli;75543;5045;6.68;3320;4.39;12897;17.07;9398;12.44;7827;10.36;21111;27.95;13936;18.45;907;1.20;205;0.27;897;1.19
2018;Şanlıurfa;1218394;132465;10.87;146441;12.02;191803;15.74;220698;18.11;229725;18.85;172696;14.17;105027;8.62;7969;0.65;1347;0.11;10223;0.84
2018;Uşak;290994;6743;2.32;14991;5.15;73628;25.30;49528;17.02;36129;12.42;66634;22.90;37509;12.89;2915;1.00;783;0.27;2134;0.73
2018;Van;733349;58180;7.93;87535;11.94;116616;15.90;133392;18.19;133377;18.19;121431;16.56;71546;9.76;6032;0.82;1328;0.18;3912;0.53
2018;Yozgat;327744;15859;4.84;17824;5.44;89754;27.39;44219;13.49;43121;13.16;72009;21.97;34968;10.67;2664;0.81;633;0.19;6693;2.04
2018;Zonguldak;487838;27997;5.74;19769;4.05;123375;25.29;66997;13.73;60772;12.46;118902;24.37;61472;12.60;4909;1.01;1100;0.23;2545;0.52
2018;Aksaray;298858;14500;4.85;12545;4.20;73906;24.73;53969;18.06;43796;14.65;59660;19.96;32699;10.94;2996;1.00;716;0.24;4071;1.36
2018;Bayburt;64776;3428;5.29;2901;4.48;13753;21.23;9534;14.72;8305;12.82;17311;26.72;7914;12.22;644;0.99;222;0.34;764;1.18
2018;Karaman;193525;4841;2.50;6515;3.37;49462;25.56;35304;18.24;26459;13.67;40901;21.13;25818;13.34;1982;1.02;446;0.23;1797;0.93
2018;Kırıkkale;227451;8345;3.67;7927;3.49;44302;19.48;26367;11.59;32741;14.39;71509;31.44;32105;14.12;2810;1.24;512;0.23;833;0.37
2018;Batman;391824;29344;7.49;33501;8.55;50183;12.81;74737;19.07;71529;18.26;76570;19.54;48508;12.38;3565;0.91;459;0.12;3428;0.87
2018;Şırnak;329759;31434;9.53;31666;9.60;41144;12.48;62357;18.91;61178;18.55;58774;17.82;36346;11.02;1776;0.54;210;0.06;4874;1.48
2018;Bartın;164637;7591;4.61;11024;6.70;41199;25.02;29612;17.99;19718;11.98;34205;20.78;18292;11.11;1455;0.88;393;0.24;1148;0.70
2018;Ardahan;77406;5373;6.94;3632;4.69;18623;24.06;12156;15.70;11448;14.79;15977;20.64;8450;10.92;705;0.91;192;0.25;850;1.10
2018;Iğdır;137615;11498;8.36;11248;8.17;21781;15.83;24758;17.99;22797;16.57;26065;18.94;16074;11.68;1114;0.81;241;0.18;2039;1.48
2018;Yalova;195711;4265;2.18;5570;2.85;40540;20.71;23701;12.11;27948;14.28;53317;27.24;33902;17.32;3159;1.61;563;0.29;2746;1.40
2018;Karabük;201366;9896;4.91;7492;3.72;44124;21.91;23907;11.87;24136;11.99;57047;28.33;30990;15.39;2474;1.23;737;0.37;563;0.28
2018;Kilis;101064;4447;4.40;5125;5.07;16819;16.64;21696;21.47;16401;16.23;21390;21.16;12636;12.50;843;0.83;226;0.22;1481;1.47
2018;Osmaniye;390602;22206;5.69;13298;3.40;73154;18.73;55463;14.20;62881;16.10;99244;25.41;57071;14.61;3758;0.96;486;0.12;3041;0.78
2018;Düzce;302399;10142;3.35;12892;4.26;67656;22.37;48645;16.09;39119;12.94;76768;25.39;41198;13.62;3319;1.10;889;0.29;1771;0.59
2018;TR;61844096;2197257;3.55;2858776;4;13032445;18;8832635;12;8695145;11;14785993;19;9754499;11;989432;1;207082;0;490832;1
2019;Adana;1667391;64192;3.85;74209;4.45;313584;18.81;151620;9.09;344889;20.68;424630;25.47;256117;15.36;23417;1.40;4132;0.25;10601;0.64
2019;Adıyaman;443356;31004;6.99;18705;4.22;73567;16.59;45474;10.26;103772;23.41;103703;23.39;60154;13.57;4366;0.98;790;0.18;1821;0.41
2019;Afyonkarahisar;561778;15507;2.76;23167;4.12;153751;27.37;58078;10.34;111698;19.88;121874;21.69;66267;11.80;6411;1.14;1298;0.23;3727;0.66
2019;Ağrı;347376;29948;8.62;38360;11.04;59151;17.03;28721;8.27;94829;27.30;58552;16.86;31268;9.00;2010;0.58;370;0.11;4167;1.20
2019;Amasya;273043;8627;3.16;11871;4.35;69740;25.54;24334;8.91;46453;17.01;64889;23.77;42010;15.39;3295;1.21;591;0.22;1233;0.45
2019;Ankara;4331344;84912;1.96;85410;1.97;676819;15.63;274256;6.33;728500;16.82;1240303;28.64;1022142;23.60;151235;3.49;34442;0.80;33325;0.77
2019;Antalya;1879581;21701;1.15;66924;3.56;378101;20.12;166570;8.86;350100;18.63;495582;26.37;341291;18.16;29524;1.57;5326;0.28;24462;1.30
2019;Artvin;142281;4836;3.40;5871;4.13;31145;21.89;11008;7.74;23010;16.17;41353;29.06;22603;15.89;1542;1.08;373;0.26;540;0.38
2019;Aydın;890381;17587;1.98;40149;4.51;227849;25.59;83520;9.38;155199;17.43;203490;22.85;140359;15.76;11780;1.32;2326;0.26;8122;0.91
2019;Balıkesir;1013266;21360;2.11;40302;3.98;281742;27.81;83154;8.21;162920;16.08;238906;23.58;161972;15.99;12611;1.24;2161;0.21;8138;0.80
2019;Bilecik;175414;3295;1.88;3412;1.95;44091;25.14;16351;9.32;29877;17.03;48612;27.71;26741;15.24;1983;1.13;410;0.23;642;0.37
2019;Bingöl;204669;13780;6.73;11284;5.51;25201;12.31;19832;9.69;44546;21.76;59493;29.07;26921;13.15;2093;1.02;420;0.21;1099;0.54
2019;Bitlis;234327;15196;6.48;18085;7.72;31230;13.33;23084;9.85;65111;27.79;51019;21.77;27625;11.79;1795;0.77;354;0.15;828;0.35
2019;Bolu;252495;7946;3.15;8364;3.31;60900;24.12;22860;9.05;37055;14.68;69933;27.70;39151;15.51;4027;1.59;1092;0.43;1167;0.46
2019;Burdur;221748;5498;2.48;8132;3.67;61726;27.84;19314;8.71;35293;15.92;52070;23.48;34702;15.65;3080;1.39;722;0.33;1211;0.55
2019;Bursa;2355278;58434;2.48;60217;2.56;484539;20.57;240370;10.21;445094;18.90;615441;26.13;386571;16.41;33157;1.41;5058;0.21;26397;1.12
2019;Çanakkale;449436;6005;1.34;17929;3.99;128561;28.60;32951;7.33;65975;14.68;109532;24.37;77259;17.19;7471;1.66;1895;0.42;1858;0.41
2019;Çankırı;156878;6864;4.38;6674;4.25;41390;26.38;14871;9.48;27000;17.21;37587;23.96;19619;12.51;1666;1.06;391;0.25;816;0.52
2019;Çorum;420099;20935;4.98;26695;6.35;110019;26.19;43965;10.47;74272;17.68;84582;20.13;51855;12.34;4090;0.97;811;0.19;2875;0.68
2019;Denizli;819254;11951;1.46;33728;4.12;199683;24.37;86174;10.52;143211;17.48;200237;24.44;125896;15.37;10569;1.29;2287;0.28;5518;0.67
2019;Diyarbakır;1174221;90577;7.71;113231;9.64;139583;11.89;97330;8.29;315661;26.88;250069;21.30;150163;12.79;12623;1.08;1873;0.16;3111;0.26
2019;Edirne;347375;8552;2.46;12250;3.53;95112;27.38;28393;8.17;53252;15.33;89521;25.77;52006;14.97;5168;1.49;1544;0.44;1577;0.45
2019;Elazığ;457129;19302;4.22;32874;7.19;73328;16.04;37550;8.21;94071;20.58;117442;25.69;70264;15.37;7583;1.66;1864;0.41;2851;0.62
2019;Erzincan;186842;9190;4.92;7504;4.02;34834;18.64;14301;7.65;32391;17.34;52370;28.03;30275;16.20;2801;1.50;715;0.38;2461;1.32
2019;Erzurum;563257;33786;6.00;29981;5.32;107814;19.14;41909;7.44;122243;21.70;137858;24.48;74442;13.22;8413;1.49;2639;0.47;4172;0.74
2019;Eskişehir;710889;13012;1.83;13735;1.93;147737;20.78;53633;7.54;109542;15.41;210675;29.64;136512;19.20;15399;2.17;4292;0.60;6352;0.89
2019;Gaziantep;1385606;56058;4.05;65290;4.71;263109;18.99;178585;12.89;352269;25.42;272494;19.67;166146;11.99;15552;1.12;2473;0.18;13630;0.98
2019;Giresun;370711;18715;5.05;29930;8.07;81702;22.04;30611;8.26;60315;16.27;88460;23.86;52673;14.21;3916;1.06;940;0.25;3449;0.93
2019;Gümüşhane;133046;5166;3.88;8009;6.02;25141;18.90;10970;8.25;19371;14.56;34588;26.00;19211;14.44;1417;1.07;389;0.29;8784;6.60
2019;Hakkari;197767;9795;4.95;10278;5.20;15342;7.76;12279;6.21;63699;32.21;57098;28.87;25906;13.10;1076;0.54;141;0.07;2153;1.09
2019;Hatay;1171078;27490;2.35;76119;6.50;258607;22.08;116094;9.91;253906;21.68;247037;21.09;158362;13.52;11638;0.99;1928;0.16;19897;1.70
2019;Isparta;356173;9051;2.54;10599;2.98;81622;22.92;26893;7.55;54975;15.43;102356;28.74;59716;16.77;6435;1.81;2149;0.60;2377;0.67
2019;Mersin;1387559;31778;2.29;72694;5.24;300430;21.65;123294;8.89;273571;19.72;333625;24.04;220726;15.91;17227;1.24;2779;0.20;11435;0.82
2019;İstanbul;11636096;244848;2.10;309118;2.66;2049896;17.62;1026840;8.82;2229541;19.16;2989401;25.69;2294398;19.72;316514;2.72;53736;0.46;121804;1.05
2019;İzmir;3520951;51780;1.47;119440;3.39;740977;21.04;288276;8.19;610206;17.33;907880;25.79;692044;19.66;73113;2.08;15468;0.44;21767;0.62
2019;Kars;206012;13956;6.77;10853;5.27;39766;19.30;19800;9.61;49664;24.11;43142;20.94;23793;11.55;1997;0.97;618;0.30;2423;1.18
2019;Kastamonu;312956;17375;5.55;19538;6.24;90078;28.78;28484;9.10;48599;15.53;65640;20.97;38049;12.16;3258;1.04;747;0.24;1188;0.38
2019;Kayseri;1052658;28768;2.73;35294;3.35;216572;20.57;96286;9.15;213573;20.29;266762;25.34;165985;15.77;15847;1.51;3107;0.30;10464;0.99
2019;Kırklareli;303348;5484;1.81;7108;2.34;77903;25.68;29746;9.81;47730;15.73;82709;27.27;46829;15.44;3675;1.21;640;0.21;1524;0.50
2019;Kırşehir;186294;6527;3.50;7613;4.09;41407;22.23;15667;8.41;31484;16.90;49787;26.72;29051;15.59;2304;1.24;660;0.35;1794;0.96
2019;Kocaeli;1485321;31361;2.11;39256;2.64;255783;17.22;147455;9.93;299104;20.14;416286;28.03;258934;17.43;23930;1.61;3605;0.24;9607;0.65
2019;Konya;1680400;39552;2.35;60622;3.61;436188;25.96;168155;10.01;338477;20.14;355325;21.15;234910;13.98;26517;1.58;5705;0.34;14949;0.89
2019;Kütahya;470797;9890;2.10;24331;5.17;127661;27.12;48889;10.38;74954;15.92;111547;23.69;65129;13.83;5566;1.18;1170;0.25;1660;0.35
2019;Malatya;611870;37144;6.07;23418;3.83;108128;17.67;51825;8.47;117680;19.23;159302;26.04;99758;16.30;8873;1.45;1761;0.29;3981;0.65
2019;Manisa;1140693;26583;2.33;51982;4.56;330581;28.98;119783;10.50;204194;17.90;239270;20.98;152972;13.41;10864;0.95;1723;0.15;2741;0.24
2019;Kahramanmaraş;827972;45887;5.54;37097;4.48;160988;19.44;92883;11.22;190931;23.06;179409;21.67;101841;12.30;9359;1.13;1557;0.19;8020;0.97
2019;Mardin;552341;52714;9.54;40834;7.39;74067;13.41;46116;8.35;149105;27.00;112996;20.46;62852;11.38;4497;0.81;430;0.08;8730;1.58
2019;Muğla;785799;12236;1.56;19440;2.47;191806;24.41;64670;8.23;128862;16.40;197952;25.19;147442;18.76;12680;1.61;2596;0.33;8115;1.03
2019;Muş;266974;21686;8.12;23402;8.77;35413;13.26;25598;9.59;77802;29.14;52958;19.84;25973;9.73;1749;0.66;396;0.15;1997;0.75
2019;Nevşehir;233347;7005;3.00;7723;3.31;57632;24.70;23641;10.13;44666;19.14;56020;24.01;31435;13.47;2530;1.08;683;0.29;2012;0.86
2019;Niğde;274987;9876;3.59;9907;3.60;65757;23.91;30612;11.13;59527;21.65;60941;22.16;33702;12.26;2975;1.08;840;0.31;850;0.31
2019;Ordu;605980;38056;6.28;44465;7.34;138025;22.78;52544;8.67;109515;18.07;136333;22.50;76710;12.66;5588;0.92;1049;0.17;3695;0.61
2019;Rize;279114;10000;3.58;13314;4.77;56190;20.13;24892;8.92;49668;17.79;76698;27.48;42702;15.30;3557;1.27;785;0.28;1308;0.47
2019;Sakarya;790385;21527;2.72;21160;2.68;179266;22.68;73637;9.32;148255;18.76;214448;27.13;112497;14.23;10968;1.39;2354;0.30;6273;0.79
2019;Samsun;1052949;27336;2.60;69467;6.60;245610;23.33;97042;9.22;190119;18.06;238597;22.66;161635;15.35;13916;1.32;2911;0.28;6316;0.60
2019;Siirt;216459;18769;8.67;16511;7.63;23621;10.91;17750;8.20;64675;29.88;45149;20.86;26647;12.31;1770;0.82;399;0.18;1168;0.54
2019;Sinop;180007;7703;4.28;10699;5.94;51930;28.85;18953;10.53;29218;16.23;34752;19.31;22996;12.78;1643;0.91;470;0.26;1643;0.91
2019;Sivas;502534;27629;5.50;22550;4.49;102653;20.43;41850;8.33;96255;19.15;127131;25.30;70385;14.01;6581;1.31;1637;0.33;5863;1.17
2019;Tekirdağ;824100;12330;1.50;23461;2.85;172234;20.90;98200;11.92;164090;19.91;216812;26.31;120521;14.62;10047;1.22;1668;0.20;4737;0.57
2019;Tokat;487581;14539;2.98;38461;7.89;119327;24.47;48302;9.91;90953;18.65;104576;21.45;63228;12.97;5272;1.08;1193;0.24;1730;0.35
2019;Trabzon;641004;27334;4.26;31911;4.98;123266;19.23;46381;7.24;103216;16.10;182134;28.41;108687;16.96;9965;1.55;2665;0.42;5445;0.85
2019;Tunceli;71981;4629;6.43;2909;4.04;11786;16.37;5055;7.02;10729;14.91;20974;29.14;13815;19.19;943;1.31;220;0.31;921;1.28
2019;Şanlıurfa;1247718;118774;9.52;127927;10.25;172831;13.85;117030;9.38;367904;29.49;205699;16.49;115990;9.30;9091;0.73;1350;0.11;11122;0.89
2019;Uşak;294274;6217;2.11;14008;4.76;71492;24.29;36604;12.44;51532;17.51;68524;23.29;39409;13.39;3318;1.13;805;0.27;2365;0.80
2019;Van;745755;53945;7.23;79465;10.66;106689;14.31;70750;9.49;206108;27.64;138583;18.58;78223;10.49;6884;0.92;1368;0.18;3740;0.50
2019;Yozgat;326685;14629;4.48;17058;5.22;84389;25.83;28574;8.75;61269;18.75;73850;22.61;36582;11.20;2855;0.87;642;0.20;6837;2.09
2019;Zonguldak;486782;26418;5.43;18797;3.86;120072;24.67;49892;10.25;77824;15.99;121267;24.91;63295;13.00;5292;1.09;1115;0.23;2810;0.58
2019;Aksaray;302658;13555;4.48;11826;3.91;70646;23.34;34569;11.42;66706;22.04;61902;20.45;34773;11.49;3372;1.11;735;0.24;4574;1.51
2019;Bayburt;67553;3109;4.60;2639;3.91;12596;18.65;6232;9.23;12371;18.31;19790;29.30;8986;13.30;787;1.17;277;0.41;766;1.13
2019;Karaman;195449;4513;2.31;6138;3.14;48061;24.59;24181;12.37;38559;19.73;42453;21.72;26840;13.73;2211;1.13;487;0.25;2006;1.03
2019;Kırıkkale;224589;7696;3.43;7311;3.26;42154;18.77;18420;8.20;41672;18.55;70476;31.38;32537;14.49;2962;1.32;507;0.23;854;0.38
2019;Batman;401092;25777;6.43;26275;6.55;42425;10.58;39508;9.85;113284;28.24;94086;23.46;52104;12.99;3989;0.99;471;0.12;3173;0.79
2019;Şırnak;334581;25736;7.69;23414;7.00;31444;9.40;21672;6.48;112974;33.77;74598;22.30;37319;11.15;1965;0.59;218;0.07;5241;1.57
2019;Bartın;164330;7079;4.31;10491;6.38;39888;24.27;21449;13.05;27268;16.59;35724;21.74;19156;11.66;1628;0.99;410;0.25;1237;0.75
2019;Ardahan;76429;4955;6.48;3304;4.32;17357;22.71;7368;9.64;16452;21.53;16340;21.38;8885;11.63;753;0.99;195;0.26;820;1.07
2019;Iğdır;139221;10800;7.76;10514;7.55;20531;14.75;14502;10.42;34077;24.48;27923;20.06;17283;12.41;1265;0.91;277;0.20;2049;1.47
2019;Yalova;198251;3946;1.99;5256;2.65;39253;19.80;16022;8.08;36589;18.46;54896;27.69;35339;17.83;3443;1.74;585;0.30;2922;1.47
2019;Karabük;200335;9271;4.63;7115;3.55;42918;21.42;18379;9.17;30010;14.98;55465;27.69;33110;16.53;2771;1.38;742;0.37;554;0.28
2019;Kilis;100635;3710;3.69;4103;4.08;13706;13.62;13008;12.93;26954;26.78;23051;22.91;13335;13.25;986;0.98;223;0.22;1559;1.55
2019;Osmaniye;395054;20499;5.19;12410;3.14;69779;17.66;37753;9.56;85270;21.58;101548;25.70;59210;14.99;4063;1.03;500;0.13;4022;1.02
2019;Düzce;306298;9434;3.08;12216;3.99;65945;21.53;35100;11.46;53776;17.56;79532;25.97;43570;14.22;3828;1.25;906;0.30;1991;0.65
2019;TR;62689647;2024637;3.23;2624133;4;12513837;17;5678694;8;12327461;16;15426019;20;10257791;12;1083331;1;211581;0;542163;1
2020;Adana;1694649;60838;3.59;71978;4.25;306659;18.10;146466;8.64;352524;20.80;442028;26.08;273968;16.17;24526;1.45;4419;0.26;11243;0.66
2020;Adıyaman;450464;29335;6.51;18135;4.03;72621;16.12;44050;9.78;105512;23.42;108775;24.15;64693;14.36;4576;1.02;810;0.18;1957;0.43
2020;Afyonkarahisar;569082;14329;2.52;22235;3.91;150018;26.36;56741;9.97;115215;20.25;123798;21.75;72598;12.76;6712;1.18;1382;0.24;6054;1.06
2020;Ağrı;350151;28551;8.15;36680;10.48;59562;17.01;27235;7.78;96192;27.47;60969;17.41;34501;9.85;2085;0.60;392;0.11;3984;1.14
2020;Amasya;271261;7977;2.94;11204;4.13;68299;25.18;23733;8.75;46936;17.30;64847;23.91;43227;15.94;3035;1.12;620;0.23;1383;0.51
2020;Ankara;4381098;79766;1.82;82185;1.88;658152;15.02;263129;6.01;736951;16.82;1251654;28.57;1081726;24.69;156612;3.57;35868;0.82;35055;0.80
2020;Antalya;1925254;20570;1.07;64720;3.36;369896;19.21;158232;8.22;360480;18.72;519912;27.00;367502;19.09;31460;1.63;5732;0.30;26750;1.39
2020;Artvin;141057;4524;3.21;5529;3.92;30179;21.39;10525;7.46;22908;16.24;40537;28.74;24281;17.21;1615;1.14;395;0.28;564;0.40
2020;Aydın;898631;16430;1.83;38169;4.25;223580;24.88;81330;9.05;158772;17.67;205435;22.86;150690;16.77;12380;1.38;2480;0.28;9365;1.04
2020;Balıkesir;1026298;20038;1.95;38152;3.72;275580;26.85;80548;7.85;166453;16.22;245117;23.88;175784;17.13;13341;1.30;2355;0.23;8930;0.87
2020;Bilecik;174879;3084;1.76;3223;1.84;42679;24.40;15490;8.86;30186;17.26;48043;27.47;28994;16.58;2064;1.18;437;0.25;679;0.39
2020;Bingöl;206875;13158;6.36;10875;5.26;24707;11.94;18869;9.12;45992;22.23;60334;29.16;29156;14.09;2190;1.06;450;0.22;1144;0.55
2020;Bitlis;237977;14547;6.11;17513;7.36;30974;13.02;22117;9.29;66364;27.89;53104;22.31;30267;12.72;1875;0.79;369;0.16;847;0.36
2020;Bolu;251530;7382;2.93;7929;3.15;59677;23.73;22204;8.83;37940;15.08;67603;26.88;42273;16.81;4126;1.64;1150;0.46;1246;0.50
2020;Burdur;218467;5131;2.35;7693;3.52;60232;27.57;18713;8.57;35729;16.35;49342;22.59;36426;16.67;3121;1.43;757;0.35;1323;0.61
2020;Bursa;2403119;55046;2.29;58039;2.42;473571;19.71;232709;9.68;455452;18.95;643662;26.78;415185;17.28;34724;1.44;5373;0.22;29358;1.22
2020;Çanakkale;450254;5586;1.24;16914;3.76;126073;28.00;32007;7.11;67864;15.07;106436;23.64;83218;18.48;8122;1.80;2019;0.45;2015;0.45
2020;Çankırı;154149;6336;4.11;6318;4.10;39839;25.84;14271;9.26;26860;17.42;36622;23.76;20867;13.54;1727;1.12;403;0.26;906;0.59
2020;Çorum;422058;19557;4.63;25259;5.98;107693;25.52;42509;10.07;74705;17.70;87765;20.79;56255;13.33;4360;1.03;835;0.20;3120;0.74
2020;Denizli;825320;11210;1.36;31601;3.83;194323;23.55;83018;10.06;146491;17.75;204819;24.82;134061;16.24;11028;1.34;2397;0.29;6372;0.77
2020;Diyarbakır;1202902;86497;7.19;109788;9.13;139205;11.57;93222;7.75;325821;27.09;266771;22.18;163228;13.57;13131;1.09;1984;0.16;3255;0.27
2020;Edirne;341364;8007;2.35;11555;3.38;92908;27.22;27525;8.06;53142;15.57;85722;25.11;53828;15.77;5389;1.58;1588;0.47;1700;0.50
2020;Elazığ;457180;18249;3.99;31438;6.88;71393;15.62;36062;7.89;94293;20.62;117718;25.75;75198;16.45;7828;1.71;1945;0.43;3056;0.67
2020;Erzincan;186502;8686;4.66;7239;3.88;34296;18.39;13731;7.36;32824;17.60;51347;27.53;32522;17.44;2702;1.45;738;0.40;2417;1.30
2020;Erzurum;562769;31934;5.67;28808;5.12;105640;18.77;40170;7.14;122995;21.86;136041;24.17;81445;14.47;8818;1.57;2776;0.49;4142;0.74
2020;Eskişehir;713886;12143;1.70;13144;1.84;143714;20.13;51795;7.26;110896;15.53;209812;29.39;144862;20.29;15842;2.22;4514;0.63;7164;1.00
2020;Gaziantep;1421471;52775;3.71;63675;4.48;258308;18.17;172631;12.14;368643;25.93;289272;20.35;182514;12.84;16275;1.14;2669;0.19;14709;1.03
2020;Giresun;371616;17799;4.79;28593;7.69;80328;21.62;30064;8.09;60297;16.23;88427;23.80;57121;15.37;4202;1.13;961;0.26;3824;1.03
2020;Gümüşhane;114426;4731;4.13;6948;6.07;23008;20.11;9923;8.67;17799;15.56;28980;25.33;18344;16.03;1462;1.28;385;0.34;2846;2.49
2020;Hakkari;199367;9309;4.67;10016;5.02;15340;7.69;11579;5.81;62663;31.43;59938;30.06;27049;13.57;1124;0.56;152;0.08;2197;1.10
2020;Hatay;1202664;26071;2.17;72994;6.07;255569;21.25;113266;9.42;261463;21.74;263554;21.91;173439;14.42;12329;1.03;2027;0.17;21952;1.83
2020;Isparta;351849;8460;2.40;10044;2.85;79470;22.59;26004;7.39;55411;15.75;96677;27.48;64018;18.19;6757;1.92;2247;0.64;2761;0.78
2020;Mersin;1418226;30252;2.13;69926;4.93;295027;20.80;119616;8.43;281455;19.85;350094;24.69;237878;16.77;18284;1.29;2992;0.21;12702;0.90
2020;İstanbul;11755384;230788;1.96;297538;2.53;1980095;16.84;978420;8.32;2277083;19.37;3025720;25.74;2449003;20.83;324937;2.76;55458;0.47;136342;1.16
2020;İzmir;3557841;48918;1.37;114141;3.21;718534;20.20;275528;7.74;627244;17.63;925803;26.02;731822;20.57;76209;2.14;16200;0.46;23442;0.66
2020;Kars;207796;13251;6.38;10481;5.04;39540;19.03;19353;9.31;50797;24.45;43247;20.81;26017;12.52;2137;1.03;627;0.30;2346;1.13
2020;Kastamonu;311484;16290;5.23;18565;5.96;88339;28.36;27661;8.88;49544;15.91;64173;20.60;41459;13.31;3428;1.10;785;0.25;1240;0.40
2020;Kayseri;1071199;27060;2.53;33920;3.17;211866;19.78;93582;8.74;219066;20.45;274891;25.66;178898;16.70;16485;1.54;3296;0.31;12135;1.13
2020;Kırklareli;303233;5131;1.69;6744;2.22;76488;25.22;29098;9.60;48344;15.94;82138;27.09;49184;16.22;3847;1.27;673;0.22;1586;0.52
2020;Kırşehir;186430;6058;3.25;7307;3.92;40449;21.70;15221;8.16;31471;16.88;49182;26.38;31536;16.92;2415;1.30;669;0.36;2122;1.14
2020;Kocaeli;1524695;29846;1.96;38091;2.50;250848;16.45;142365;9.34;308738;20.25;434530;28.50;280761;18.41;25014;1.64;3762;0.25;10740;0.70
2020;Konya;1698762;37027;2.18;57960;3.41;425537;25.05;163057;9.60;348638;20.52;361476;21.28;253942;14.95;27590;1.62;5956;0.35;17579;1.03
2020;Kütahya;469147;9107;1.94;22799;4.86;124372;26.51;47466;10.12;75772;16.15;109440;23.33;71318;15.20;5818;1.24;1221;0.26;1834;0.39
2020;Malatya;620357;35195;5.67;22629;3.65;106124;17.11;50491;8.14;119690;19.29;163237;26.31;107548;17.34;9271;1.49;1911;0.31;4261;0.69
2020;Manisa;1151896;24787;2.15;49261;4.28;323574;28.09;116986;10.16;209143;18.16;249634;21.67;162379;14.10;11315;0.98;1800;0.16;3017;0.26
2020;Kahramanmaraş;845474;43526;5.15;35915;4.25;158020;18.69;90121;10.66;195779;23.16;189698;22.44;112105;13.26;9815;1.16;1658;0.20;8837;1.05
2020;Mardin;568288;50616;8.91;40183;7.07;74201;13.06;44806;7.88;153818;27.07;121799;21.43;68851;12.12;4662;0.82;472;0.08;8880;1.56
2020;Muğla;803231;11580;1.44;18728;2.33;187381;23.33;62025;7.72;132658;16.52;205707;25.61;159805;19.90;13851;1.72;2824;0.35;8672;1.08
2020;Muş;271675;20743;7.64;22833;8.40;36093;13.29;24624;9.06;79326;29.20;55148;20.30;28499;10.49;1833;0.67;420;0.15;2156;0.79
2020;Nevşehir;235740;6577;2.79;7448;3.16;56295;23.88;22951;9.74;45398;19.26;56485;23.96;34632;14.69;2718;1.15;730;0.31;2506;1.06
2020;Niğde;275184;9314;3.38;9500;3.45;64337;23.38;29603;10.76;60366;21.94;60948;22.15;36231;13.17;3105;1.13;857;0.31;923;0.34
2020;Ordu;613955;36052;5.87;42861;6.98;136452;22.23;51614;8.41;109967;17.91;142518;23.21;83493;13.60;5913;0.96;1096;0.18;3989;0.65
2020;Rize;280369;9432;3.36;12716;4.54;54769;19.53;24016;8.57;49608;17.69;77669;27.70;46263;16.50;3702;1.32;798;0.28;1396;0.50
2020;Sakarya;801965;20179;2.52;20331;2.54;175257;21.85;71145;8.87;151238;18.86;219939;27.43;122974;15.33;11503;1.43;2446;0.31;6953;0.87
2020;Samsun;1066608;25721;2.41;66255;6.21;241258;22.62;94311;8.84;193576;18.15;246041;23.07;174323;16.34;14786;1.39;3138;0.29;7199;0.67
2020;Siirt;218701;17939;8.20;16082;7.35;23583;10.78;16972;7.76;65414;29.91;46491;21.26;28762;13.15;1833;0.84;427;0.20;1198;0.55
2020;Sinop;178702;7189;4.02;10051;5.62;50835;28.45;18276;10.23;29295;16.39;34336;19.21;24717;13.83;1763;0.99;482;0.27;1758;0.98
2020;Sivas;501772;25867;5.16;21673;4.32;100301;19.99;40234;8.02;96474;19.23;126107;25.13;76399;15.23;6744;1.34;1709;0.34;6264;1.25
2020;Tekirdağ;846513;11935;1.41;22676;2.68;170702;20.17;95867;11.32;171057;20.21;227143;26.83;130073;15.37;10439;1.23;1715;0.20;4906;0.58
2020;Tokat;478249;13451;2.81;35947;7.52;113995;23.84;44938;9.40;89546;18.72;104172;21.78;67633;14.14;5398;1.13;1231;0.26;1938;0.41
2020;Trabzon;644074;25646;3.98;30689;4.76;120516;18.71;44933;6.98;104021;16.15;182118;28.28;116843;18.14;10412;1.62;2774;0.43;6122;0.95
2020;Tunceli;70673;4347;6.15;2748;3.89;11537;16.32;4954;7.01;10162;14.38;20530;29.05;14182;20.07;1004;1.42;212;0.30;997;1.41
2020;Şanlıurfa;1284507;114505;8.91;125139;9.74;175437;13.66;112069;8.72;385039;29.98;222391;17.31;126361;9.84;9403;0.73;1422;0.11;12741;0.99
2020;Uşak;294216;5730;1.95;13130;4.46;69879;23.75;35781;12.16;52430;17.82;67783;23.04;42094;14.31;3500;1.19;851;0.29;3038;1.03
2020;Van;763375;51416;6.74;76992;10.09;106935;14.01;67802;8.88;213831;28.01;148686;19.48;85442;11.19;7021;0.92;1429;0.19;3821;0.50
2020;Yozgat;326343;13679;4.19;16634;5.10;82274;25.21;27478;8.42;60877;18.65;74943;22.96;39530;12.11;2947;0.90;650;0.20;7331;2.25
2020;Zonguldak;485215;25125;5.18;18100;3.73;117529;24.22;48101;9.91;77948;16.06;120672;24.87;67724;13.96;5420;1.12;1134;0.23;3462;0.71
2020;Aksaray;308804;12829;4.15;11612;3.76;69860;22.62;33926;10.99;68959;22.33;63697;20.63;37958;12.29;3542;1.15;779;0.25;5642;1.83
2020;Bayburt;64942;2882;4.44;2507;3.86;12230;18.83;5946;9.16;12203;18.79;17234;26.54;10052;15.48;804;1.24;291;0.45;793;1.22
2020;Karaman;197089;4191;2.13;5760;2.92;46940;23.82;23367;11.86;39435;20.01;42686;21.66;29283;14.86;2346;1.19;523;0.27;2558;1.30
2020;Kırıkkale;220990;7140;3.23;6941;3.14;40702;18.42;17463;7.90;41222;18.65;68586;31.04;34468;15.60;3035;1.37;531;0.24;902;0.41
2020;Batman;413763;24554;5.93;25574;6.18;42444;10.26;38123;9.21;117252;28.34;100953;24.40;56977;13.77;4141;1.00;501;0.12;3244;0.78
2020;Şırnak;342517;24826;7.25;23113;6.75;31215;9.11;20669;6.03;114229;33.35;80640;23.54;40208;11.74;2040;0.60;235;0.07;5342;1.56
2020;Bartın;164743;6595;4.00;10070;6.11;39207;23.80;20913;12.69;27707;16.82;35832;21.75;20875;12.67;1703;1.03;434;0.26;1407;0.85
2020;Ardahan;75977;4660;6.13;3170;4.17;17002;22.38;7091;9.33;16461;21.67;16301;21.46;9513;12.52;774;1.02;203;0.27;802;1.06
2020;Iğdır;141602;10433;7.37;10227;7.22;20377;14.39;13910;9.82;34505;24.37;29618;20.92;18771;13.26;1328;0.94;300;0.21;2133;1.51
2020;Yalova;203199;3766;1.85;5197;2.56;38493;18.94;15513;7.63;37924;18.66;56370;27.74;38365;18.88;3667;1.80;631;0.31;3273;1.61
2020;Karabük;195902;8666;4.42;6807;3.47;41798;21.34;17655;9.01;30455;15.55;50702;25.88;35394;18.07;3010;1.54;786;0.40;629;0.32
2020;Kilis;101036;3369;3.33;3815;3.78;13328;13.19;12247;12.12;27676;27.39;23207;22.97;14578;14.43;1005;0.99;232;0.23;1579;1.56
2020;Osmaniye;405666;19412;4.79;12165;3.00;68349;16.85;36558;9.01;87116;21.47;107684;26.54;64490;15.90;4323;1.07;558;0.14;5011;1.24
2020;Düzce;309824;8853;2.86;11678;3.77;64765;20.90;34165;11.03;55009;17.75;80450;25.97;47590;15.36;4104;1.32;949;0.31;2261;0.73
2020;TR;63455902;1914511;3.02;2523222;4;12228582;16;5468879;7;12600739;16;15773910;20;11006443;12;1125882;1;221407;0;592327;1
2021;Adana;1704578;57706;3.39;66342;3.89;304850;17.88;136899;8.03;342598;20.10;459128;26.93;288827;16.94;31690;1.86;4606;0.27;11932;0.70
2021;Adıyaman;451736;27850;6.17;16703;3.70;72794;16.11;41228;9.13;101763;22.53;114273;25.30;67126;14.86;7011;1.55;870;0.19;2118;0.47
2021;Afyonkarahisar;576628;13290;2.30;20688;3.59;147766;25.63;53924;9.35;112868;19.57;131685;22.84;77604;13.46;8753;1.52;1482;0.26;8568;1.49
2021;Ağrı;346927;27173;7.83;31200;8.99;62377;17.98;25391;7.32;91861;26.48;65372;18.84;35245;10.16;4025;1.16;414;0.12;3869;1.12
2021;Amasya;271667;7327;2.70;10511;3.87;67175;24.73;22495;8.28;45494;16.75;67395;24.81;44968;16.55;4091;1.51;668;0.25;1543;0.57
2021;Ankara;4458071;75306;1.69;77068;1.73;647358;14.52;240671;5.40;706323;15.84;1321201;29.64;1132120;25.39;182044;4.08;37557;0.84;38423;0.86
2021;Antalya;1955807;19396;0.99;60880;3.11;364621;18.64;149566;7.65;347604;17.77;544726;27.85;393369;20.11;38960;1.99;6085;0.31;30600;1.56
2021;Artvin;141531;4214;2.98;5246;3.71;29533;20.87;9646;6.82;22235;15.71;42198;29.82;25232;17.83;2193;1.55;420;0.30;614;0.43
2021;Aydın;912127;15353;1.68;35554;3.90;220440;24.17;77894;8.54;157277;17.24;217681;23.87;158770;17.41;15488;1.70;2567;0.28;11103;1.22
2021;Balıkesir;1036306;18609;1.80;35465;3.42;270750;26.13;76316;7.36;164410;15.87;255585;24.66;185523;17.90;16983;1.64;2542;0.25;10123;0.98
2021;Bilecik;184100;2882;1.57;3026;1.64;41741;22.67;14529;7.89;31100;16.89;53598;29.11;33094;17.98;2863;1.56;466;0.25;801;0.44
2021;Bingöl;208909;12632;6.05;10068;4.82;25006;11.97;17990;8.61;43384;20.77;64252;30.76;30476;14.59;3392;1.62;497;0.24;1212;0.58
2021;Bitlis;240930;13985;5.80;15811;6.56;32102;13.32;20974;8.71;63921;26.53;58113;24.12;31339;13.01;3428;1.42;389;0.16;868;0.36
2021;Bolu;256191;6903;2.69;7441;2.90;58890;22.99;21246;8.29;36641;14.30;72396;28.26;45068;17.59;5027;1.96;1219;0.48;1360;0.53
2021;Burdur;224659;4750;2.11;7268;3.24;59090;26.30;17821;7.93;36461;16.23;54670;24.33;38098;16.96;4189;1.86;802;0.36;1510;0.67
2021;Bursa;2437329;51766;2.12;53828;2.21;467335;19.17;215237;8.83;451983;18.54;667284;27.38;447631;18.37;43280;1.78;5685;0.23;33300;1.37
2021;Çanakkale;464951;5206;1.12;15588;3.35;123918;26.65;30659;6.59;67644;14.55;116682;25.10;90826;19.53;10005;2.15;2178;0.47;2245;0.48
2021;Çankırı;157461;5883;3.74;5910;3.75;39588;25.14;13573;8.62;26196;16.64;40228;25.55;22389;14.22;2236;1.42;415;0.26;1043;0.66
2021;Çorum;421590;18339;4.35;23883;5.66;106452;25.25;40785;9.67;71793;17.03;91161;21.62;59098;14.02;5735;1.36;924;0.22;3420;0.81
2021;Denizli;834054;10566;1.27;29487;3.54;191286;22.93;79009;9.47;144897;17.37;212453;25.47;141862;17.01;14156;1.70;2528;0.30;7810;0.94
2021;Diyarbakır;1213325;83213;6.86;100610;8.29;145917;12.03;88571;7.30;315943;26.04;284102;23.42;169860;14.00;19682;1.62;2101;0.17;3326;0.27
2021;Edirne;345729;7466;2.16;10534;3.05;91368;26.43;25856;7.48;52823;15.28;90174;26.08;57489;16.63;6460;1.87;1658;0.48;1901;0.55
2021;Elazığ;459478;17355;3.78;29833;6.49;70737;15.40;33501;7.29;91000;19.81;123318;26.84;78428;17.07;9873;2.15;2037;0.44;3396;0.74
2021;Erzincan;189421;8213;4.34;6832;3.61;33919;17.91;12684;6.70;30754;16.24;54906;28.99;35106;18.53;3561;1.88;803;0.42;2643;1.40
2021;Erzurum;565331;30291;5.36;25926;4.59;105469;18.66;37379;6.61;114832;20.31;145741;25.78;86906;15.37;11773;2.08;2884;0.51;4130;0.73
2021;Eskişehir;720944;11314;1.57;12148;1.69;140648;19.51;47564;6.60;109126;15.14;215940;29.95;152602;21.17;18762;2.60;4692;0.65;8148;1.13
2021;Gaziantep;1447244;50084;3.46;56774;3.92;260949;18.03;164360;11.36;360050;24.88;315598;21.81;195862;13.53;22870;1.58;2811;0.19;17886;1.24
2021;Giresun;373603;16854;4.51;27092;7.25;79482;21.27;28522;7.63;58820;15.74;91817;24.58;60266;16.13;5489;1.47;1051;0.28;4210;1.13
2021;Gümüşhane;121890;4394;3.60;7249;5.95;23003;18.87;9370;7.69;17116;14.04;33339;27.35;19308;15.84;2002;1.64;410;0.34;5699;4.68
2021;Hakkari;198578;8986;4.53;9565;4.82;15436;7.77;10797;5.44;56652;28.53;65539;33.00;26931;13.56;2257;1.14;170;0.09;2245;1.13
2021;Hatay;1216235;24711;2.03;67572;5.56;254691;20.94;107699;8.86;256129;21.06;276208;22.71;183260;15.07;17676;1.45;2120;0.17;26169;2.15
2021;Isparta;357173;7930;2.22;9452;2.65;78011;21.84;24564;6.88;54442;15.24;101274;28.35;67539;18.91;8189;2.29;2350;0.66;3422;0.96
2021;Mersin;1431511;28917;2.02;65267;4.56;293001;20.47;112771;7.88;276035;19.28;362876;25.35;251284;17.55;23717;1.66;3187;0.22;14456;1.01
2021;İstanbul;11877148;217421;1.83;268036;2.26;1936864;16.31;900156;7.58;2150773;18.11;3224668;27.15;2586331;21.78;370978;3.12;58231;0.49;163690;1.38
2021;İzmir;3590511;46041;1.28;105851;2.95;705089;19.64;256196;7.14;607601;16.92;967679;26.95;769101;21.42;89885;2.50;17095;0.48;25973;0.72
2021;Kars;206824;12556;6.07;9073;4.39;39292;19.00;17769;8.59;48095;23.25;46745;22.60;27051;13.08;3263;1.58;667;0.32;2313;1.12
2021;Kastamonu;312461;15235;4.88;17478;5.59;87576;28.03;26435;8.46;47943;15.34;67828;21.71;43268;13.85;4500;1.44;850;0.27;1348;0.43
2021;Kayseri;1086269;25346;2.33;31668;2.92;208630;19.21;87914;8.09;212665;19.58;290208;26.72;190944;17.58;20800;1.91;3526;0.32;14568;1.34
2021;Kırklareli;307479;4769;1.55;6235;2.03;75123;24.43;27269;8.87;48036;15.62;86047;27.98;52771;17.16;4828;1.57;734;0.24;1667;0.54
2021;Kırşehir;186850;5661;3.03;6878;3.68;39818;21.31;14001;7.49;31230;16.71;50714;27.14;31859;17.05;3226;1.73;704;0.38;2759;1.48
2021;Kocaeli;1553338;28261;1.82;35813;2.31;248087;15.97;133113;8.57;298189;19.20;460405;29.64;302539;19.48;31132;2.00;3956;0.25;11843;0.76
2021;Konya;1724610;34728;2.01;53786;3.12;419977;24.35;156124;9.05;337529;19.57;391638;22.71;269370;15.62;34349;1.99;6226;0.36;20883;1.21
2021;Kütahya;471403;8331;1.77;21292;4.52;121915;25.86;44753;9.49;73461;15.58;116817;24.78;73428;15.58;7945;1.69;1319;0.28;2142;0.45
2021;Malatya;625459;33239;5.31;21409;3.42;105222;16.82;46271;7.40;116883;18.69;170098;27.20;112966;18.06;12457;1.99;2074;0.33;4840;0.77
2021;Manisa;1157667;23303;2.01;46070;3.98;318994;27.55;112783;9.74;207400;17.92;258415;22.32;170174;14.70;15329;1.32;1849;0.16;3350;0.29
2021;Kahramanmaraş;853483;41386;4.85;33666;3.94;157523;18.46;85416;10.01;190443;22.31;200031;23.44;119665;14.02;13354;1.56;1722;0.20;10277;1.20
2021;Mardin;576256;48878;8.48;36934;6.41;76825;13.33;42980;7.46;148510;25.77;133711;23.20;70850;12.29;7950;1.38;503;0.09;9115;1.58
2021;Muğla;820114;10863;1.32;17669;2.15;184557;22.50;59574;7.26;128870;15.71;216486;26.40;172364;21.02;17104;2.09;3061;0.37;9566;1.17
2021;Muş;270790;19770;7.30;20248;7.48;37405;13.81;23008;8.50;75989;28.06;59528;21.98;28842;10.65;3378;1.25;440;0.16;2182;0.81
2021;Nevşehir;238960;6112;2.56;6949;2.91;55346;23.16;21739;9.10;44387;18.58;59748;25.00;37185;15.56;3695;1.55;757;0.32;3042;1.27
2021;Niğde;277877;8763;3.15;8734;3.14;63617;22.89;28080;10.11;58968;21.22;65028;23.40;38459;13.84;4314;1.55;903;0.32;1011;0.36
2021;Ordu;615073;33974;5.52;40805;6.63;135527;22.03;49116;7.99;107313;17.45;146259;23.78;88634;14.41;7845;1.28;1170;0.19;4430;0.72
2021;Rize;281896;8915;3.16;12173;4.32;53585;19.01;22383;7.94;47353;16.80;80854;28.68;49316;17.49;4977;1.77;855;0.30;1485;0.53
2021;Sakarya;816425;18815;2.30;19248;2.36;173061;21.20;67355;8.25;147080;18.02;233649;28.62;132285;16.20;14497;1.78;2565;0.31;7870;0.96
2021;Samsun;1073494;24220;2.26;62630;5.83;237997;22.17;90209;8.40;184393;17.18;258409;24.07;184329;17.17;19199;1.79;3340;0.31;8768;0.82
2021;Siirt;221598;17300;7.81;14806;6.68;24478;11.05;15905;7.18;62702;28.30;52188;23.55;29359;13.25;3208;1.45;470;0.21;1182;0.53
2021;Sinop;181448;6808;3.75;9408;5.18;50378;27.76;17743;9.78;28281;15.59;37898;20.89;26018;14.34;2441;1.35;508;0.28;1965;1.08
2021;Sivas;503359;24303;4.83;20321;4.04;98977;19.66;37546;7.46;89782;17.84;133096;26.44;81717;16.23;8966;1.78;1799;0.36;6852;1.36
2021;Tekirdağ;872872;11738;1.34;21345;2.45;171472;19.64;91234;10.45;172295;19.74;242440;27.77;141790;16.24;13423;1.54;1790;0.21;5345;0.61
2021;Tokat;483455;12746;2.64;33769;6.98;113740;23.53;43518;9.00;86973;17.99;110838;22.93;71423;14.77;7006;1.45;1309;0.27;2133;0.44
2021;Trabzon;647895;23900;3.69;29224;4.51;118666;18.32;41929;6.47;100202;15.47;187873;29.00;123035;18.99;13124;2.03;2886;0.45;7056;1.09
2021;Tunceli;70793;4104;5.80;2613;3.69;11429;16.14;4606;6.51;9516;13.44;21453;30.30;14425;20.38;1352;1.91;229;0.32;1066;1.51
2021;Şanlıurfa;1304096;111012;8.51;111764;8.57;188325;14.44;106966;8.20;378445;29.02;245872;18.85;131215;10.06;15256;1.17;1488;0.11;13753;1.05
2021;Uşak;298217;5367;1.80;12168;4.08;68909;23.11;33854;11.35;51985;17.43;71895;24.11;44720;15.00;4563;1.53;888;0.30;3868;1.30
2021;Van;766231;49278;6.43;69171;9.03;110636;14.44;63546;8.29;203744;26.59;163933;21.39;89522;11.68;11046;1.44;1552;0.20;3803;0.50
2021;Yozgat;327556;12802;3.91;15966;4.87;81024;24.74;26106;7.97;58603;17.89;78326;23.91;41484;12.66;4096;1.25;693;0.21;8456;2.58
2021;Zonguldak;486418;23702;4.87;17297;3.56;115279;23.70;45033;9.26;75921;15.61;125577;25.82;71381;14.67;6888;1.42;1178;0.24;4162;0.86
2021;Aksaray;313259;12067;3.85;10938;3.49;69348;22.14;32627;10.42;67632;21.59;67253;21.47;40618;12.97;4872;1.56;842;0.27;7062;2.25
2021;Bayburt;68348;2705;3.96;2349;3.44;12059;17.64;5639;8.25;11483;16.80;20536;30.05;11192;16.38;1216;1.78;313;0.46;856;1.25
2021;Karaman;201281;3927;1.95;5389;2.68;46170;22.94;22484;11.17;38099;18.93;46557;23.13;31143;15.47;3277;1.63;587;0.29;3648;1.81
2021;Kırıkkale;220078;6592;3.00;6512;2.96;39661;18.02;15422;7.01;40190;18.26;70496;32.03;35799;16.27;3929;1.79;524;0.24;953;0.43
2021;Batman;420834;23582;5.60;23476;5.58;44195;10.50;36484;8.67;112028;26.62;111169;26.42;59465;14.13;6489;1.54;537;0.13;3409;0.81
2021;Şırnak;352268;24089;6.84;21313;6.05;32849;9.33;19792;5.62;110176;31.28;90890;25.80;43109;12.24;4277;1.21;255;0.07;5518;1.57
2021;Bartın;167421;6182;3.69;9655;5.77;38814;23.18;20183;12.06;26919;16.08;39141;23.38;22179;13.25;2175;1.30;462;0.28;1711;1.02
2021;Ardahan;75496;4391;5.82;2942;3.90;16786;22.23;6697;8.87;15807;20.94;17020;22.54;9710;12.86;1120;1.48;206;0.27;817;1.08
2021;Iğdır;143955;10110;7.02;9326;6.48;21149;14.69;13388;9.30;34038;23.64;31764;22.07;19425;13.49;2142;1.49;337;0.23;2276;1.58
2021;Yalova;208855;3581;1.71;4860;2.33;38346;18.36;14481;6.93;37052;17.74;60024;28.74;41450;19.85;4489;2.15;685;0.33;3887;1.86
2021;Karabük;200710;8088;4.03;6477;3.23;41128;20.49;16616;8.28;29898;14.90;55041;27.42;38005;18.94;3818;1.90;833;0.42;806;0.40
2021;Kilis;103434;3091;2.99;3461;3.35;13291;12.85;11683;11.30;26768;25.88;25966;25.10;15375;14.86;1650;1.60;243;0.23;1906;1.84
2021;Osmaniye;410708;18425;4.49;11287;2.75;67736;16.49;34060;8.29;86675;21.10;110335;26.86;67505;16.44;6346;1.55;583;0.14;7756;1.89
2021;Düzce;314389;8330;2.65;11111;3.53;64060;20.38;32743;10.41;54248;17.26;84133;26.76;50986;16.22;5198;1.65;1010;0.32;2570;0.82
2021;TR;64215375;1813671;2.82;2330414;3;12106638;16;5132420;7;12182748;16;16697592;21;11637287;13;1395232;1;233342;0;686031;1
2022;Adana;1723133;54962;3.19;64943;3.77;299830;17.40;134855;7.83;338406;19.64;477414;27.71;301657;17.51;33810;1.96;4746;0.28;12510;0.73
2022;Adıyaman;456194;26688;5.85;16457;3.61;72303;15.85;40706;8.92;100832;22.10;118735;26.03;69979;15.34;7359;1.61;909;0.20;2226;0.49
2022;Afyonkarahisar;582663;12334;2.12;20007;3.43;145287;24.93;53357;9.16;111798;19.19;138385;23.75;80790;13.87;9331;1.60;1571;0.27;9803;1.68
2022;Ağrı;341169;25954;7.61;30050;8.81;60615;17.77;24291;7.12;88936;26.07;67266;19.72;35901;10.52;3925;1.15;436;0.13;3795;1.11
2022;Amasya;276227;6815;2.47;10004;3.62;66249;23.98;22460;8.13;44993;16.29;71196;25.77;47723;17.28;4385;1.59;709;0.26;1693;0.61
2022;Ankara;4527621;71304;1.57;74852;1.65;634307;14.01;235726;5.21;691162;15.27;1370349;30.27;1179061;26.04;191793;4.24;38925;0.86;40142;0.89
2022;Antalya;1994324;18226;0.91;58873;2.95;358076;17.95;147401;7.39;343855;17.24;573096;28.74;413128;20.72;41682;2.09;6302;0.32;33685;1.69
2022;Artvin;142298;3906;2.74;4962;3.49;28844;20.27;9539;6.70;21714;15.26;44358;31.17;25644;18.02;2244;1.58;424;0.30;663;0.47
2022;Aydın;923601;14397;1.56;33918;3.67;216900;23.48;77425;8.38;157080;17.01;226393;24.51;166116;17.99;16553;1.79;2659;0.29;12160;1.32
2022;Balıkesir;1044619;17368;1.66;33594;3.22;266246;25.49;75975;7.27;162874;15.59;263751;25.25;193137;18.49;18318;1.75;2649;0.25;10707;1.02
2022;Bilecik;184631;2687;1.46;2926;1.58;41115;22.27;14628;7.92;30352;16.44;55161;29.88;33378;18.08;2980;1.61;495;0.27;909;0.49
2022;Bingöl;209862;12136;5.78;9881;4.71;24724;11.78;17574;8.37;42117;20.07;66411;31.65;31686;15.10;3522;1.68;530;0.25;1281;0.61
2022;Bitlis;244197;13517;5.54;15559;6.37;32006;13.11;20680;8.47;63008;25.80;61963;25.37;32595;13.35;3590;1.47;410;0.17;869;0.36
2022;Bolu;258421;6420;2.48;7096;2.75;58099;22.48;21110;8.17;36090;13.97;74746;28.92;46983;18.18;5218;2.02;1248;0.48;1411;0.55
2022;Burdur;225761;4427;1.96;6888;3.05;57948;25.67;17653;7.82;34538;15.30;57189;25.33;40056;17.74;4526;2.00;857;0.38;1679;0.74
2022;Bursa;2478742;48952;1.97;52603;2.12;459749;18.55;212998;8.59;449278;18.13;696684;28.11;469565;18.94;46286;1.87;5977;0.24;36650;1.48
2022;Çanakkale;467509;4829;1.03;14648;3.13;121806;26.05;30600;6.55;66491;14.22;119564;25.57;94027;20.11;10889;2.33;2250;0.48;2405;0.51
2022;Çankırı;157156;5506;3.50;5640;3.59;38862;24.73;13314;8.47;25325;16.11;41734;26.56;22888;14.56;2368;1.51;431;0.27;1088;0.69
2022;Çorum;423030;17138;4.05;22825;5.40;105347;24.90;40455;9.56;70478;16.66;94513;22.34;61489;14.54;6141;1.45;944;0.22;3700;0.87
2022;Denizli;842975;9985;1.18;28018;3.32;188202;22.33;78348;9.29;143658;17.04;219979;26.10;148628;17.63;15097;1.79;2610;0.31;8450;1.00
2022;Diyarbakır;1231609;80564;6.54;99332;8.07;145145;11.78;86648;7.04;315861;25.65;300540;24.40;177174;14.39;20652;1.68;2222;0.18;3471;0.28
2022;Edirne;347487;7011;2.02;10013;2.88;89708;25.82;25999;7.48;52180;15.02;92854;26.72;59019;16.98;6914;1.99;1699;0.49;2090;0.60
2022;Elazığ;462970;16651;3.60;29001;6.26;70030;15.13;33258;7.18;89954;19.43;126596;27.34;81393;17.58;10381;2.24;2097;0.45;3609;0.78
2022;Erzincan;191855;7805;4.07;6626;3.45;33664;17.55;12749;6.65;29988;15.63;56649;29.53;36909;19.24;3825;1.99;848;0.44;2792;1.46
2022;Erzurum;563561;28742;5.10;25021;4.44;103306;18.33;36331;6.45;110510;19.61;150331;26.68;90021;15.97;12284;2.18;3012;0.53;4003;0.71
2022;Eskişehir;729795;10605;1.45;11649;1.60;137277;18.81;46947;6.43;107636;14.75;223617;30.64;158885;21.77;19785;2.71;4932;0.68;8462;1.16
2022;Gaziantep;1477527;47811;3.24;56137;3.80;258360;17.49;161220;10.91;360550;24.40;340451;23.04;207403;14.04;24160;1.64;2897;0.20;18538;1.25
2022;Giresun;375960;16013;4.26;25904;6.89;79040;21.02;28633;7.62;57910;15.40;94099;25.03;63015;16.76;5799;1.54;1097;0.29;4450;1.18
2022;Gümüşhane;118169;4020;3.40;6998;5.92;22299;18.87;9022;7.63;16095;13.62;33203;28.10;19272;16.31;1964;1.66;416;0.35;4880;4.13
2022;Hakkari;198184;8692;4.39;9551;4.82;15156;7.65;10251;5.17;54013;27.25;68526;34.58;27180;13.71;2248;1.13;179;0.09;2388;1.20
2022;Hatay;1235619;23619;1.91;65336;5.29;251596;20.36;106015;8.58;255509;20.68;290027;23.47;192306;15.56;19083;1.54;2227;0.18;29901;2.42
2022;Isparta;358670;7464;2.08;9006;2.51;76476;21.32;24313;6.78;53612;14.95;103634;28.89;69625;19.41;8601;2.40;2441;0.68;3498;0.98
2022;Mersin;1452708;27730;1.91;63210;4.35;288281;19.84;111392;7.67;273330;18.82;380976;26.23;263465;18.14;25476;1.75;3308;0.23;15540;1.07
2022;İstanbul;12005250;206140;1.72;260169;2.17;1876659;15.63;869849;7.25;2093799;17.44;3362672;28.01;2702394;22.51;389440;3.24;60138;0.50;183990;1.53
2022;İzmir;3631713;43571;1.20;101758;2.80;688302;18.95;251234;6.92;601833;16.57;1003854;27.64;800362;22.04;95155;2.62;17805;0.49;27839;0.77
2022;Kars;204286;11950;5.85;8701;4.26;38264;18.73;17092;8.37;46842;22.93;47720;23.36;27565;13.49;3197;1.56;705;0.35;2250;1.10
2022;Kastamonu;316376;14373;4.54;16753;5.30;87228;27.57;26634;8.42;47346;14.97;71799;22.69;45171;14.28;4784;1.51;900;0.28;1388;0.44
2022;Kayseri;1100384;24021;2.18;30673;2.79;205609;18.69;86716;7.88;209262;19.02;303028;27.54;199693;18.15;22235;2.02;3653;0.33;15494;1.41
2022;Kırklareli;309900;4462;1.44;5937;1.92;73748;23.80;27372;8.83;47847;15.44;88085;28.42;54726;17.66;5137;1.66;807;0.26;1779;0.57
2022;Kırşehir;189216;5224;2.76;6579;3.48;39271;20.75;13907;7.35;30998;16.38;52794;27.90;33239;17.57;3466;1.83;730;0.39;3008;1.59
2022;Kocaeli;1595025;27084;1.70;35275;2.21;244947;15.36;131672;8.26;296538;18.59;486158;30.48;322649;20.23;33566;2.10;4116;0.26;13020;0.82
2022;Konya;1749187;32873;1.88;51729;2.96;413749;23.65;153911;8.80;334648;19.13;414543;23.70;282237;16.14;36669;2.10;6467;0.37;22361;1.28
2022;Kütahya;474724;7710;1.62;20101;4.23;119719;25.22;44437;9.36;72384;15.25;121039;25.50;76957;16.21;8650;1.82;1388;0.29;2339;0.49
2022;Malatya;632081;31848;5.04;20989;3.32;104226;16.49;45901;7.26;114944;18.19;176026;27.85;117676;18.62;13169;2.08;2185;0.35;5117;0.81
2022;Manisa;1171645;21943;1.87;44235;3.78;313687;26.77;111886;9.55;209364;17.87;270528;23.09;178438;15.23;16147;1.38;1907;0.16;3510;0.30
2022;Kahramanmaraş;865492;39580;4.57;32940;3.81;156011;18.03;84369;9.75;188913;21.83;210815;24.36;126232;14.58;14137;1.63;1789;0.21;10706;1.24
2022;Mardin;584882;47363;8.10;36762;6.29;76418;13.07;42054;7.19;147171;25.16;142828;24.42;74155;12.68;8243;1.41;534;0.09;9354;1.60
2022;Muğla;839575;10201;1.22;17012;2.03;181523;21.62;59516;7.09;129426;15.42;227436;27.09;182543;21.74;18495;2.20;3180;0.38;10243;1.22
2022;Muş;269418;18905;7.02;19544;7.25;36860;13.68;22158;8.22;73935;27.44;61942;22.99;30003;11.14;3412;1.27;489;0.18;2170;0.81
2022;Nevşehir;242019;5710;2.36;6701;2.77;54428;22.49;21425;8.85;43939;18.16;62609;25.87;39161;16.18;4005;1.65;790;0.33;3251;1.34
2022;Niğde;281431;8319;2.96;8530;3.03;62954;22.37;27766;9.87;58540;20.80;68331;24.28;40295;14.32;4644;1.65;937;0.33;1115;0.40
2022;Ordu;620052;32014;5.16;39331;6.34;134588;21.71;49262;7.94;106753;17.22;150688;24.30;93027;15.00;8444;1.36;1231;0.20;4714;0.76
2022;Rize;282104;8433;2.99;11696;4.15;52715;18.69;22075;7.83;45670;16.19;83180;29.49;50729;17.98;5088;1.80;919;0.33;1599;0.57
2022;Sakarya;835727;17770;2.13;18860;2.26;171751;20.55;67452;8.07;146038;17.47;245981;29.43;140959;16.87;15632;1.87;2646;0.32;8638;1.03
2022;Samsun;1085789;22934;2.11;59990;5.53;235432;21.68;89872;8.28;180425;16.62;270023;24.87;193699;17.84;20421;1.88;3531;0.33;9462;0.87
2022;Siirt;223264;16815;7.53;14641;6.56;24483;10.97;15558;6.97;61142;27.39;54975;24.62;30589;13.70;3332;1.49;491;0.22;1238;0.55
2022;Sinop;184573;6438;3.49;8975;4.86;50495;27.36;17954;9.73;28197;15.28;40015;21.68;27244;14.76;2623;1.42;531;0.29;2101;1.14
2022;Sivas;505387;22997;4.55;19582;3.87;97933;19.38;37168;7.35;88512;17.51;136804;27.07;84280;16.68;9384;1.86;1868;0.37;6859;1.36
2022;Tekirdağ;896659;11573;1.29;21279;2.37;171192;19.09;91464;10.20;173729;19.38;255508;28.50;149929;16.72;14458;1.61;1856;0.21;5671;0.63
2022;Tokat;481374;12005;2.49;32184;6.69;111778;23.22;42758;8.88;83917;17.43;113871;23.66;73706;15.31;7443;1.55;1393;0.29;2319;0.48
2022;Trabzon;651331;22305;3.42;28143;4.32;117413;18.03;41553;6.38;97703;15.00;192064;29.49;127872;19.63;13630;2.09;2958;0.45;7690;1.18
2022;Tunceli;71702;3858;5.38;2509;3.50;11223;15.65;4582;6.39;9156;12.77;22623;31.55;14958;20.86;1442;2.01;251;0.35;1100;1.53
2022;Şanlıurfa;1329961;107922;8.11;110918;8.34;189535;14.25;104609;7.87;383981;28.87;264271;19.87;137887;10.37;15663;1.18;1530;0.12;13645;1.03
2022;Uşak;301146;5002;1.66;11486;3.81;67767;22.50;33542;11.14;51631;17.14;74873;24.86;46875;15.57;4831;1.60;950;0.32;4189;1.39
2022;Van;766950;47236;6.16;67280;8.77;108356;14.13;60827;7.93;198333;25.86;173918;22.68;93900;12.24;11693;1.52;1642;0.21;3765;0.49
2022;Yozgat;330574;12139;3.67;15496;4.69;80001;24.20;26043;7.88;58039;17.56;82233;24.88;42931;12.99;4283;1.30;679;0.21;8730;2.64
2022;Zonguldak;488805;22406;4.58;16682;3.41;113516;23.22;44723;9.15;74933;15.33;129452;26.48;74213;15.18;7274;1.49;1201;0.25;4405;0.90
2022;Aksaray;318223;11454;3.60;10691;3.36;68611;21.56;32217;10.12;67334;21.16;71211;22.38;42897;13.48;5290;1.66;897;0.28;7621;2.39
2022;Bayburt;68055;2566;3.77;2278;3.35;11882;17.46;5514;8.10;11017;16.19;21221;31.18;11062;16.25;1293;1.90;335;0.49;887;1.30
2022;Karaman;204094;3677;1.80;5088;2.49;45395;22.24;22220;10.89;37381;18.32;49666;24.33;32600;15.97;3464;1.70;637;0.31;3966;1.94
2022;Kırıkkale;222858;6186;2.78;6239;2.80;39114;17.55;15449;6.93;39738;17.83;73430;32.95;37025;16.61;4103;1.84;556;0.25;1018;0.46
2022;Batman;430833;22931;5.32;23448;5.44;44309;10.28;35936;8.34;111057;25.78;119605;27.76;62418;14.49;7065;1.64;574;0.13;3490;0.81
2022;Şırnak;364504;23443;6.43;21195;5.81;32822;9.00;19288;5.29;109829;30.13;99741;27.36;47529;13.04;4640;1.27;271;0.07;5746;1.58
2022;Bartın;169419;5752;3.40;9271;5.47;38408;22.67;20145;11.89;26592;15.70;41155;24.29;23456;13.84;2355;1.39;496;0.29;1789;1.06
2022;Ardahan;74217;4123;5.56;2817;3.80;16330;22.00;6462;8.71;15274;20.58;17311;23.32;9789;13.19;1100;1.48;219;0.30;792;1.07
2022;Iğdır;145942;9726;6.66;9191;6.30;20812;14.26;13100;8.98;33733;23.11;34360;23.54;20141;13.80;2215;1.52;364;0.25;2300;1.58
2022;Yalova;216581;3396;1.57;4813;2.22;38130;17.61;14421;6.66;37354;17.25;64092;29.59;44288;20.45;4884;2.26;732;0.34;4471;2.06
2022;Karabük;202463;7568;3.74;6248;3.09;40696;20.10;16516;8.16;29624;14.63;56891;28.10;39228;19.38;4008;1.98;903;0.45;781;0.39
2022;Kilis;105745;2857;2.70;3359;3.18;13121;12.41;11501;10.88;26588;25.14;27750;26.24;16352;15.46;1788;1.69;259;0.24;2170;2.05
2022;Osmaniye;418100;17537;4.19;11129;2.66;66909;16.00;33614;8.04;86416;20.67;114923;27.49;71331;17.06;6818;1.63;612;0.15;8811;2.11
2022;Düzce;318994;7827;2.45;10735;3.37;63423;19.88;32605;10.22;54491;17.08;88565;27.76;52258;16.38;5286;1.66;1040;0.33;2764;0.87
2022;TR;65026277;1726445;2.65;2261470;3;11898596;16;5048202;7;12022449;15;17442997;21;12166766;13;1475690;1;242549;0;741113;1
2023;Adana;1733360;52956;3.06;63064;3.64;297587;17.17;132775;7.66;348741;20.12;482604;27.84;308683;17.81;36046;2.08;4905;0.28;5999;0.35
2023;Adıyaman;439005;24785;5.65;15829;3.61;70552;16.07;39254;8.94;98873;22.52;114263;26.03;66590;15.17;6844;1.56;729;0.17;1286;0.29
2023;Afyonkarahisar;589286;11779;2.00;19382;3.29;146264;24.82;53290;9.04;115109;19.53;144992;24.60;82835;14.06;10160;1.72;1621;0.28;3854;0.65
2023;Ağrı;346697;25463;7.34;29314;8.46;61476;17.73;23733;6.85;89264;25.75;71380;20.59;39842;11.49;4276;1.23;455;0.13;1494;0.43
2023;Amasya;278430;6435;2.31;9708;3.49;66299;23.81;22756;8.17;45606;16.38;72676;26.10;48519;17.43;4732;1.70;747;0.27;952;0.34
2023;Ankara;4585683;68802;1.50;73276;1.60;623787;13.60;229824;5.01;703767;15.35;1401308;30.56;1223192;26.67;203334;4.43;41023;0.89;17370;0.38
2023;Antalya;2046298;17952;0.88;57390;2.80;358182;17.50;147002;7.18;358663;17.53;597389;29.19;437013;21.36;45736;2.24;6772;0.33;20199;0.99
2023;Artvin;145569;3624;2.49;4721;3.24;28796;19.78;9679;6.65;22079;15.17;46381;31.86;27011;18.56;2435;1.67;461;0.32;382;0.26
2023;Aydın;938809;13773;1.47;32699;3.48;216314;23.04;77291;8.23;163601;17.43;236617;25.20;170851;18.20;17919;1.91;2895;0.31;6849;0.73
2023;Balıkesir;1060926;16351;1.54;32238;3.04;264422;24.92;76011;7.16;166756;15.72;273717;25.80;202141;19.05;19916;1.88;2868;0.27;6506;0.61
2023;Bilecik;183662;2579;1.40;2811;1.53;40762;22.19;14554;7.92;30442;16.58;56091;30.54;32356;17.62;3076;1.67;533;0.29;458;0.25
2023;Bingöl;213751;11683;5.47;9909;4.64;25633;11.99;17460;8.17;42777;20.01;68578;32.08;32597;15.25;3706;1.73;583;0.27;825;0.39
2023;Bitlis;250110;13196;5.28;15343;6.13;32428;12.97;20457;8.18;64196;25.67;64984;25.98;34183;13.67;3930;1.57;453;0.18;940;0.38
2023;Bolu;263290;6054;2.30;6901;2.62;58093;22.06;21282;8.08;37653;14.30;77821;29.56;47869;18.18;5552;2.11;1293;0.49;772;0.29
2023;Burdur;229515;4173;1.82;6614;2.88;57894;25.22;17795;7.75;35955;15.67;60713;26.45;40113;17.48;4475;1.95;900;0.39;883;0.38
2023;Bursa;2508075;46991;1.87;51293;2.05;456047;18.18;210778;8.40;466241;18.59;720500;28.73;484338;19.31;49281;1.96;6277;0.25;16329;0.65
2023;Çanakkale;479029;4579;0.96;13933;2.91;120766;25.21;30636;6.40;68922;14.39;125433;26.18;98964;20.66;11887;2.48;2396;0.50;1513;0.32
2023;Çankırı;167592;5238;3.13;5562;3.32;41313;24.65;14213;8.48;27411;16.36;45967;27.43;24341;14.52;2512;1.50;482;0.29;553;0.33
2023;Çorum;430093;16346;3.80;22011;5.12;106618;24.79;40811;9.49;72530;16.86;98604;22.93;63490;14.76;6548;1.52;985;0.23;2150;0.50
2023;Denizli;849488;9663;1.14;26675;3.14;187383;22.06;77547;9.13;147726;17.39;224776;26.46;153345;18.05;15916;1.87;2713;0.32;3744;0.44
2023;Diyarbakır;1253198;78064;6.23;97285;7.76;146679;11.70;85266;6.80;322782;25.76;313245;25.00;182784;14.59;22562;1.80;2339;0.19;2192;0.17
2023;Edirne;352219;6620;1.88;9453;2.68;88724;25.19;26058;7.40;53253;15.12;96072;27.28;61312;17.41;7456;2.12;1774;0.50;1497;0.43
2023;Elazığ;475751;16279;3.42;28541;6.00;71021;14.93;33596;7.06;91517;19.24;133705;28.10;85103;17.89;11549;2.43;2296;0.48;2144;0.45
2023;Erzincan;196246;7529;3.84;6623;3.37;34538;17.60;13119;6.68;30934;15.76;58948;30.04;37893;19.31;4132;2.11;891;0.45;1639;0.84
2023;Erzurum;568264;27623;4.86;24494;4.31;103280;18.17;36032;6.34;110508;19.45;155333;27.33;92953;16.36;12727;2.24;3187;0.56;2127;0.37
2023;Eskişehir;741306;10135;1.37;11296;1.52;135995;18.35;46497;6.27;110087;14.85;230875;31.14;164966;22.25;21062;2.84;5132;0.69;5261;0.71
2023;Gaziantep;1501986;46493;3.10;54690;3.64;257670;17.16;157338;10.48;374266;24.92;354001;23.57;219147;14.59;26188;1.74;3041;0.20;9152;0.61
2023;Giresun;386290;15561;4.03;25138;6.51;81889;21.20;30088;7.79;60334;15.62;98962;25.62;64643;16.73;6115;1.58;1168;0.30;2392;0.62
2023;Gümüşhane;122067;3960;3.24;6144;5.03;24044;19.70;9681;7.93;18084;14.81;36530;29.93;19581;16.04;2081;1.70;458;0.38;1504;1.23
2023;Hakkari;211492;8752;4.14;9729;4.60;15222;7.20;9827;4.65;54230;25.64;77149;36.48;32278;15.26;2520;1.19;196;0.09;1589;0.75
2023;Hatay;1144268;22360;1.95;59953;5.24;239252;20.91;98432;8.60;245340;21.44;268447;23.46;177558;15.52;17615;1.54;1791;0.16;13520;1.18
2023;Isparta;364707;7184;1.97;8640;2.37;76066;20.86;24318;6.67;55051;15.09;107906;29.59;71669;19.65;9287;2.55;2570;0.70;2016;0.55
2023;Mersin;1474983;27211;1.84;61439;4.17;287121;19.47;110609;7.50;282863;19.18;391753;26.56;275248;18.66;28097;1.90;3575;0.24;7067;0.48
2023;İstanbul;12003048;198638;1.65;250075;2.08;1817575;15.14;829453;6.91;2107328;17.56;3433622;28.61;2783676;23.19;410325;3.42;62882;0.52;109474;0.91
2023;İzmir;3666628;42096;1.15;98098;2.68;676670;18.45;246390;6.72;614333;16.75;1033320;28.18;822304;22.43;99784;2.72;18663;0.51;14970;0.41
2023;Kars;209790;11468;5.47;8673;4.13;38074;18.15;16750;7.98;47089;22.45;51606;24.60;30884;14.72;3327;1.59;771;0.37;1148;0.55
2023;Kastamonu;327886;13663;4.17;16348;4.99;90192;27.51;27943;8.52;49557;15.11;76698;23.39;46758;14.26;5023;1.53;977;0.30;727;0.22
2023;Kayseri;1113735;23419;2.10;30104;2.70;206006;18.50;85859;7.71;214437;19.25;312835;28.09;205397;18.44;23789;2.14;3822;0.34;8067;0.72
2023;Kırklareli;316518;4182;1.32;5709;1.80;73295;23.16;27420;8.66;49157;15.53;91593;28.94;57652;18.21;5546;1.75;840;0.27;1124;0.36
2023;Kırşehir;194039;5006;2.58;6494;3.35;40052;20.64;14104;7.27;32326;16.66;56151;28.94;33401;17.21;3732;1.92;752;0.39;2021;1.04
2023;Kocaeli;1624223;26268;1.62;34593;2.13;242589;14.94;129198;7.95;303236;18.67;502641;30.95;338894;20.86;36127;2.22;4313;0.27;6364;0.39
2023;Konya;1780385;31933;1.79;50548;2.84;414481;23.28;153247;8.61;347009;19.49;432145;24.27;292193;16.41;40224;2.26;6794;0.38;11811;0.66
2023;Kütahya;471855;7233;1.53;19180;4.06;118697;25.16;44350;9.40;73701;15.62;125220;26.54;72217;15.30;8847;1.87;1408;0.30;1002;0.21
2023;Malatya;585595;29214;4.99;19712;3.37;99006;16.91;43006;7.34;106777;18.23;165170;28.21;106047;18.11;12117;2.07;1939;0.33;2607;0.45
2023;Manisa;1183745;20797;1.76;42548;3.59;309872;26.18;110922;9.37;213379;18.03;279857;23.64;185223;15.65;17360;1.47;2040;0.17;1747;0.15
2023;Kahramanmaraş;830493;36967;4.45;31349;3.77;151378;18.23;80460;9.69;185056;22.28;201461;24.26;122051;14.70;13584;1.64;1685;0.20;6502;0.78
2023;Mardin;602561;46894;7.78;36873;6.12;78378;13.01;41707;6.92;152233;25.26;151898;25.21;78273;12.99;9277;1.54;588;0.10;6440;1.07
2023;Muğla;863499;9759;1.13;16653;1.93;180442;20.90;59640;6.91;134400;15.56;238607;27.63;194983;22.58;20355;2.36;3446;0.40;5214;0.60
2023;Muş;272838;18451;6.76;18977;6.96;37742;13.83;21931;8.04;74724;27.39;64567;23.66;31016;11.37;3584;1.31;504;0.18;1342;0.49
2023;Nevşehir;248315;5433;2.19;6612;2.66;54890;22.10;21616;8.71;45305;18.24;66767;26.89;40336;16.24;4389;1.77;861;0.35;2106;0.85
2023;Niğde;292405;8013;2.74;8476;2.90;64550;22.08;28468;9.74;62091;21.23;72524;24.80;41483;14.19;5082;1.74;1000;0.34;718;0.25
2023;Ordu;635065;30622;4.82;38378;6.04;137787;21.70;50715;7.99;111508;17.56;156402;24.63;96687;15.22;9238;1.45;1310;0.21;2418;0.38
2023;Rize;288947;8054;2.79;11494;3.98;53599;18.55;22443;7.77;46791;16.19;86594;29.97;52719;18.25;5489;1.90;976;0.34;788;0.27
2023;Sakarya;855883;17038;1.99;18381;2.15;172535;20.16;67682;7.91;151041;17.65;256740;30.00;148035;17.30;16893;1.97;2800;0.33;4738;0.55
2023;Samsun;1104713;22096;2.00;57946;5.25;236699;21.43;90830;8.22;186291;16.86;280531;25.39;199228;18.03;21966;1.99;3719;0.34;5407;0.49
2023;Siirt;240057;16506;6.88;14668;6.11;25638;10.68;15636;6.51;62641;26.09;63426;26.42;36349;15.14;3898;1.62;527;0.22;768;0.32
2023;Sinop;192662;6197;3.22;8763;4.55;52556;27.28;19157;9.94;29889;15.51;43489;22.57;28141;14.61;2779;1.44;578;0.30;1113;0.58
2023;Sivas;521920;22565;4.32;19546;3.75;101854;19.52;38654;7.41;91841;17.60;147287;28.22;84060;16.11;10250;1.96;1968;0.38;3895;0.75
2023;Tekirdağ;921456;11510;1.25;21044;2.28;171292;18.59;90934;9.87;179557;19.49;266531;28.92;159286;17.29;15789;1.71;1935;0.21;3578;0.39
2023;Tokat;492726;11710;2.38;31020;6.30;114106;23.16;44241;8.98;86474;17.55;119387;24.23;74789;15.18;7998;1.62;1457;0.30;1544;0.31
2023;Trabzon;660614;21443;3.25;27534;4.17;118885;18.00;41888;6.34;100333;15.19;198049;29.98;130708;19.79;14431;2.18;3152;0.48;4191;0.63
2023;Tunceli;76309;3760;4.93;2607;3.42;11979;15.70;4908;6.43;9804;12.85;24496;32.10;16115;21.12;1565;2.05;254;0.33;821;1.08
2023;Şanlıurfa;1372222;106975;7.80;108030;7.87;197994;14.43;103971;7.58;400026;29.15;282081;20.56;147428;10.74;16770;1.22;1604;0.12;7343;0.54
2023;Uşak;304026;4773;1.57;11028;3.63;68320;22.47;33371;10.98;53131;17.48;77473;25.48;48219;15.86;5097;1.68;973;0.32;1641;0.54
2023;Van;776168;45809;5.90;65491;8.44;108771;14.01;59052;7.61;199719;25.73;181521;23.39;99365;12.80;12751;1.64;1765;0.23;1924;0.25
2023;Yozgat;335027;11906;3.55;14796;4.42;81324;24.27;26273;7.84;59759;17.84;85807;25.61;45044;13.44;4569;1.36;717;0.21;4832;1.44
2023;Zonguldak;494543;21238;4.29;16347;3.31;112700;22.79;44827;9.06;77033;15.58;134473;27.19;76284;15.43;7618;1.54;1237;0.25;2786;0.56
2023;Aksaray;325188;11168;3.43;10596;3.26;69791;21.46;32218;9.91;70294;21.62;74622;22.95;44542;13.70;5869;1.80;938;0.29;5150;1.58
2023;Bayburt;69756;2423;3.47;2256;3.23;12443;17.84;5713;8.19;11293;16.19;21855;31.33;11569;16.58;1326;1.90;348;0.50;530;0.76
2023;Karaman;207838;3517;1.69;4925;2.37;45972;22.12;22046;10.61;38555;18.55;52160;25.10;33738;16.23;4067;1.96;690;0.33;2168;1.04
2023;Kırıkkale;231748;5887;2.54;6174;2.66;39894;17.21;15845;6.84;41521;17.92;77662;33.51;39092;16.87;4403;1.90;602;0.26;668;0.29
2023;Batman;443929;22572;5.08;23463;5.29;45606;10.27;35773;8.06;114207;25.73;126388;28.47;64987;14.64;8293;1.87;598;0.13;2042;0.46
2023;Şırnak;377656;23419;6.20;21104;5.59;33802;8.95;18917;5.01;111885;29.63;107127;28.37;51729;13.70;4947;1.31;280;0.07;4446;1.18
2023;Bartın;173527;5403;3.11;9058;5.22;38793;22.36;20586;11.86;27623;15.92;43520;25.08;24420;14.07;2511;1.45;540;0.31;1073;0.62
2023;Ardahan;74811;3900;5.21;2757;3.69;16252;21.72;6434;8.60;15018;20.07;18248;24.39;10320;13.79;1184;1.58;239;0.32;459;0.61
2023;Iğdır;152966;9428;6.16;9258;6.05;21139;13.82;12931;8.45;34378;22.47;38857;25.40;22741;14.87;2577;1.68;399;0.26;1258;0.82
2023;Yalova;226861;3378;1.49;4824;2.13;38835;17.12;14733;6.49;39511;17.42;68896;30.37;47512;20.94;5431;2.39;823;0.36;2918;1.29
2023;Karabük;206258;7140;3.46;6139;2.98;41023;19.89;16818;8.15;30514;14.79;59903;29.04;39079;18.95;4241;2.06;926;0.45;475;0.23
2023;Kilis;112394;2914;2.59;3408;3.03;13881;12.35;11706;10.42;27855;24.78;30869;27.46;18516;16.47;2123;1.89;319;0.28;803;0.71
2023;Osmaniye;420331;17308;4.12;10996;2.62;67665;16.10;33020;7.86;89452;21.28;117410;27.93;73058;17.38;7394;1.76;632;0.15;3396;0.81
2023;Düzce;324625;7543;2.32;10507;3.24;63665;19.61;32819;10.11;56110;17.28;92546;28.51;53391;16.45;5482;1.69;1103;0.34;1459;0.45
2023;TR;65739229;1667829;2.54;2195658;3;11830806;16;4974614;6;12281753;15;17998752;22;12563347;14;1569093;2;254203;0;403174;0
